street_id,source,buffer_width_ft,vertices_ft
C1,SWMM conduit polyline,64.0,"[[648.532, 1043.713], [631.281, 859.123]]"
C2,SWMM conduit polyline,64.0,"[[1221.281, 1005.76], [1321.339, 774.591], [1374.819, 652.105], [1366.193, 588.275], [1334.823, 497.305]]"
C3,SWMM conduit polyline,64.0,"[[405.287, 905.702], [505.345, 862.573]]"
C4,SWMM conduit polyline,64.0,"[[505.345, 862.573], [541.573, 841.871], [631.281, 859.123]]"
C5,SWMM conduit polyline,64.0,"[[631.281, 859.123], [672.684, 850.497], [712.363, 829.795], [743.415, 805.643], [805.52, 812.544], [822.772, 819.444]]"
C6,SWMM conduit polyline,64.0,"[[831.398, 709.035], [791.719, 734.912], [798.62, 784.942], [822.772, 819.444]]"
C7,SWMM conduit polyline,64.0,"[[822.772, 819.444], [915.93, 840.146]]"
C8,SWMM conduit polyline,64.0,"[[915.93, 840.146], [965.959, 838.421], [995.287, 831.52], [1038.415, 850.497], [1072.918, 867.749]]"
C9,SWMM conduit polyline,64.0,"[[1072.918, 867.749], [1102.246, 867.749], [1131.573, 852.222], [1147.099, 829.795], [1162.626, 809.094], [1198.854, 779.766], [1219.556, 757.339], [1233.357, 721.111], [1238.532, 715.936], [1235.082, 674.532], [1247.158, 646.93], [1254.058, 640.029]]"
C10,SWMM conduit polyline,64.0,"[[1254.058, 640.029], [1334.823, 497.305]]"
C11,SWMM conduit polyline,64.0,"[[1334.823, 497.305], [1411.468, 477.401]]"
