node_smid,node_id,node_type,node_x,node_y,invert_elevation,max_depth,surface_elevation,cell_id,smid,cell_row,cell_col,cell_x,cell_y,cell_elevation,distance_m,weight
1,P1,JUNCTION,449929.1,7196105.155,1047.192,1.0,1048.192,15235,15236,131,39,449929.5,7196104.5,1048.0826639059655,0.7674796416584844,1.0
2,P2,JUNCTION,449922.05,7196102.935,1047.022,1.0,1048.022,15349,15350,132,37,449923.5,7196101.5,1047.9148474251767,2.0400306367448713,1.0
3,P3,JUNCTION,449912.842,7196153.228,1046.688,0.98,1047.6680000000001,13373,13374,115,33,449911.5,7196152.5,1047.545458150329,1.5267442484531641,1.0
4,P4,JUNCTION,449905.785,7196150.977,1046.517,0.98,1047.497,13487,13488,116,31,449905.5,7196149.5,1047.3931913887257,1.5042453256877175,1.0
5,P5,JUNCTION,449897.191,7196199.397,1046.184,1.0,1047.184,11512,11513,99,28,449896.5,7196200.5,1047.0687499240425,1.3015721264115148,1.0
6,P6,JUNCTION,449890.106,7196197.121,1046.012,1.0,1047.012,11626,11627,100,26,449890.5,7196197.5,1046.9114504294173,0.5466964420666104,1.0
7,P7,JUNCTION,449882.782,7196219.413,1045.787,1.0,1046.787,10811,10812,93,23,449881.5,7196218.5,1046.6806808288554,1.5738783305853505,1.0
8,P8,JUNCTION,449875.771,7196261.391,1045.545,1.0,1046.545,9185,9186,79,21,449875.5,7196260.5,1046.5370500719494,0.9313012400393984,1.0
9,P9,JUNCTION,449868.861,7196259.001,1045.372,1.0,1046.372,9183,9184,79,19,449869.5,7196260.5,1046.274890969267,1.629515878885545,1.0
10,P10,JUNCTION,449862.97,7196299.28,1044.942,1.23,1046.172,7673,7674,66,17,449863.5,7196299.5,1046.1644037273754,0.5738466693419743,1.0
11,P11,JUNCTION,449856.25,7196297.278,1044.772,1.23,1046.002,7787,7788,67,15,449857.5,7196296.5,1045.9049826365765,1.4723396346956303,1.0
12,P12,JUNCTION,449849.13,7196340.613,1044.508,1.23,1045.738,6044,6045,52,12,449848.5,7196341.5,1045.6276783310607,1.087965532630014,1.0
13,P13,JUNCTION,449842.092,7196338.457,1044.337,1.2,1045.537,6158,6159,53,10,449842.5,7196338.5,1045.5386944771578,0.41025967381888717,1.0
14,P17,JUNCTION,449962.363,7196170.303,1046.157,1.0,1047.157,12694,12695,109,50,449962.5,7196170.5,1047.052837259026,0.23995416203168043,1.0
15,P18,JUNCTION,449955.361,7196168.441,1045.99,1.0,1046.99,12808,12809,110,48,449956.5,7196167.5,1046.897340168178,1.4774308780390255,1.0
16,P19,JUNCTION,449946.525,7196217.021,1045.955,1.0,1046.955,10833,10834,93,45,449947.5,7196218.5,1046.9229189441571,1.7714587211651514,1.0
17,P20,JUNCTION,449939.682,7196214.698,1045.487,1.0,1046.487,10946,10947,94,42,449938.5,7196215.5,1046.4044182121606,1.4284005041163748,1.0
18,P23,JUNCTION,449939.144,7196238.838,1045.663,1.0,1046.663,10018,10019,86,42,449938.5,7196239.5,1046.656996850711,0.9235691632796514,1.0
19,P24,JUNCTION,449932.205,7196236.57,1045.261,1.205,1046.466,10132,10133,87,40,449932.5,7196236.5,1046.370380532981,0.3031913587688596,1.0
20,P25,JUNCTION,449923.166,7196285.206,1044.72,1.18,1045.9,8273,8274,71,37,449923.5,7196284.5,1045.7991147316645,0.781019846302843,1.0
21,P26,JUNCTION,449916.47,7196283.05,1044.568,1.2,1045.768,8271,8272,71,35,449917.5,7196284.5,1045.6861512158855,1.7785949512459893,1.0
22,P27,JUNCTION,449910.459,7196323.059,1044.21,1.65,1045.8600000000001,6761,6762,58,33,449911.5,7196323.5,1045.847077496462,1.1305582690599516,1.0
23,P28,JUNCTION,449903.358,7196321.104,1044.168,1.2,1045.368,6874,6875,59,30,449902.5,7196320.5,1045.277396659758,1.0492759409968364,1.0
24,P29,JUNCTION,449900.345,7196353.099,1044.02,1.65,1045.67,5597,5598,48,29,449899.5,7196353.5,1045.648976599206,0.9353213349625291,1.0
25,P30,JUNCTION,449893.593,7196350.621,1043.849,1.25,1045.099,5711,5712,49,27,449893.5,7196350.5,1045.0098265851145,0.15261061583487537,1.0
26,P31,JUNCTION,449893.22,7196374.379,1043.394,1.8,1045.194,4783,4784,41,27,449893.5,7196374.5,1045.184603100632,0.3050262285154487,1.0
27,P32,JUNCTION,449885.185,7196371.669,1043.222,1.55,1044.772,4896,4897,42,24,449884.5,7196371.5,1044.6819660008296,0.705539509819418,1.0
28,P33,JUNCTION,449878.644,7196418.013,1042.433,1.6,1044.033,3038,3039,26,22,449878.5,7196419.5,1044.011472144368,1.4939561570521391,1.0
29,P34,JUNCTION,449870.983,7196415.525,1042.264,1.6,1043.8639999999998,3151,3152,27,19,449869.5,7196416.5,1043.7539308104026,1.7747997068107901,1.0
30,P35,JUNCTION,449869.067,7196446.418,1040.686,1.78,1042.466,1991,1992,17,19,449869.5,7196446.5,1042.4619524633865,0.44069604046612004,1.0
31,P36,JUNCTION,449861.113,7196443.778,1040.515,1.78,1042.295,2104,2105,18,16,449860.5,7196443.5,1042.1974008567465,0.6730921184931232,1.0
32,P37,JUNCTION,449857.621,7196480.826,1037.447,1.5,1038.947,711,712,6,15,449857.5,7196479.5,1038.9688387982471,1.3315092943441857,1.0
33,P38,JUNCTION,449849.686,7196478.229,1037.278,1.5,1038.778,708,709,6,12,449848.5,7196479.5,1038.7198244057877,1.7384007015787173,1.0
34,P39,JUNCTION,450012.316,7196186.841,1048.166,1.0,1049.166,12131,12132,104,67,450013.5,7196185.5,1049.0152991539157,1.788892674270822,1.0
35,P40,JUNCTION,450005.495,7196184.539,1047.996,1.0,1048.996,12128,12129,104,64,450004.5,7196185.5,1048.8749216192928,1.3833097990812375,1.0
36,P41,JUNCTION,449996.619,7196233.372,1047.498,1.075,1048.573,10269,10270,88,61,449995.5,7196233.5,1048.5375625543325,1.1262970300506943,1.0
37,P42,JUNCTION,449989.37,7196231.325,1046.923,1.075,1047.998,10383,10384,89,59,449989.5,7196230.5,1047.8968884311807,0.835179621583613,1.0
38,P43,JUNCTION,449980.781,7196278.408,1046.912,1.0,1047.912,8524,8525,73,56,449980.5,7196278.5,1047.8941435948072,0.2956771889114626,1.0
39,P44,JUNCTION,449974.555,7196276.27,1046.744,1.0,1047.744,8638,8639,74,54,449974.5,7196275.5,1047.6347676232622,0.7719617861726046,1.0
40,P45,JUNCTION,449965.505,7196324.029,1046.29,1.0,1047.29,6779,6780,58,51,449965.5,7196323.5,1047.1722051727568,0.5290236290587802,1.0
41,P46,JUNCTION,449958.932,7196321.662,1046.121,1.0,1047.121,6893,6894,59,49,449959.5,7196320.5,1047.0055023388961,1.293393984436314,1.0
42,P47,JUNCTION,449950.193,7196369.672,1045.336,1.0,1046.336,5034,5035,43,46,449950.5,7196368.5,1046.3103675684245,1.211541580209421,1.0
43,P48,JUNCTION,449943.323,7196367.444,1045.161,1.0,1046.161,5032,5033,43,44,449944.5,7196368.5,1046.0422906769995,1.5812858690875449,1.0
44,P49,JUNCTION,449943.185,7196391.045,1044.506,1.36,1045.866,4104,4105,35,44,449944.5,7196392.5,1045.8080212829063,1.9611858658023555,1.0
45,P50,JUNCTION,449936.222,7196388.647,1044.334,1.36,1045.694,4217,4218,36,41,449935.5,7196389.5,1045.5832583775384,1.1175388137403313,1.0
46,P51,JUNCTION,449927.757,7196436.607,1042.709,1.0,1043.709,2358,2359,20,38,449926.5,7196437.5,1043.5824126653881,1.541913746043305,1.0
47,P52,JUNCTION,449920.362,7196434.164,1042.538,1.0,1043.538,2472,2473,21,36,449920.5,7196434.5,1043.43571378126,0.3632354609324616,1.0
48,P53,JUNCTION,449911.896,7196484.47,1038.57,2.05,1040.62,497,498,4,33,449911.5,7196485.5,1040.518661753977,1.1035016993840365,1.0
49,P54,JUNCTION,449904.341,7196482.122,1038.4,2.05,1040.45,611,612,5,31,449905.5,7196482.5,1040.3609702495744,1.219083672121456,1.0
50,P55,JUNCTION,449897.058,7196502.157,1037.259,1.33,1038.589,28,29,0,28,449896.5,7196497.5,1039.0621805124863,4.690310543751783,1.0
51,P57,JUNCTION,449875.665,7196500.393,1036.854,1.54,1038.394,21,22,0,21,449875.5,7196497.5,1038.5524044461665,2.897701503070731,1.0
52,P58,JUNCTION,449843.895,7196495.386,1035.664,1.7,1037.364,11,12,0,11,449845.5,7196497.5,1037.4075888776094,2.6542458439625025,1.0
53,P22,JUNCTION,449925.807,7196226.358,1045.531,0.875,1046.406,10478,10479,90,38,449926.5,7196227.5,1046.314876323644,1.3358192243048281,1.0
54,P21,JUNCTION,449928.277,7196218.242,1045.7,0.875,1046.575,10827,10828,93,39,449929.5,7196218.5,1046.4726035937708,1.2499171973340928,1.0
55,P16,JUNCTION,449880.506,7196362.681,1044.03,1.14,1045.17,5243,5244,45,23,449881.5,7196362.5,1045.0644622142274,1.0103449905668294,1.0
56,P14,JUNCTION,449835.414,7196355.402,1044.154,1.646,1045.8,5460,5461,47,8,449836.5,7196356.5,1045.682503581031,1.5443445213194682,1.0
57,P84,JUNCTION,450103.42,7196394.875,1044.28,1.52,1045.8,4041,4042,34,97,450103.5,7196395.5,1045.6890490050407,0.6300991985414739,1.0
58,P85,JUNCTION,450107.438,7196405.812,1044.256,1.0,1045.256,3694,3695,31,98,450106.5,7196404.5,1045.1553404263707,1.612819890697501,1.0
59,P86,JUNCTION,450081.771,7196444.2,1040.508,1.0,1041.508,2178,2179,18,90,450082.5,7196443.5,1041.5175204463262,1.010663643478496,1.0
60,P87,JUNCTION,450056.997,7196480.134,1037.06,1.0,1038.06,777,778,6,81,450055.5,7196479.5,1038.120492084211,1.62571984038784,1.0
61,P88,JUNCTION,450047.176,7196493.526,1036.657,0.84,1037.4969999999998,194,195,1,78,450046.5,7196494.5,1037.5346170723979,1.1856019571251595,1.0
62,P89,JUNCTION,450024.857,7196494.418,1036.06,1.64,1037.7,187,188,1,71,450025.5,7196494.5,1037.72960246317,0.6482075285297353,1.0
63,P59,JUNCTION,450078.423,7196177.153,1047.678,1.0,1048.678,12501,12502,107,89,450079.5,7196176.5,1048.6631044980588,1.259499106744964,1.0
64,P61,JUNCTION,450055.602,7196217.997,1046.586,1.16,1047.746,10869,10870,93,81,450055.5,7196218.5,1047.6411955967453,0.5132377612379404,1.0
65,P62,JUNCTION,450039.309,7196249.02,1046.226,1.0,1047.226,9704,9705,83,76,450040.5,7196248.5,1047.117190282888,1.2995695439318042,1.0
66,P63,JUNCTION,450032.055,7196270.67,1046.013,1.2,1047.213,8889,8890,76,73,450031.5,7196269.5,1047.104734549867,1.2949613893154897,1.0
67,P64,JUNCTION,450016.543,7196315.866,1045.481,1.17,1046.651,7144,7145,61,68,450016.5,7196314.5,1046.5425452712914,1.3666766263673715,1.0
68,P65,JUNCTION,450023.909,7196318.544,1045.51,1.17,1046.68,7030,7031,60,70,450022.5,7196317.5,1046.5619349724784,1.7536296642849625,1.0
69,P66,JUNCTION,450011.077,7196332.127,1045.322,1.2,1046.522,6446,6447,55,66,450010.5,7196332.5,1046.4164751285055,0.687064771141817,1.0
70,P67,JUNCTION,449993.22,7196383.493,1044.38,1.22,1045.6000000000001,4468,4469,38,60,449992.5,7196383.5,1045.495634797118,0.720034026947888,1.0
71,P68,JUNCTION,449999.246,7196385.724,1044.58,1.22,1045.8,4354,4355,37,62,449998.5,7196386.5,1045.681945389471,1.076425566104883,1.0
72,P69,JUNCTION,449976.592,7196431.925,1041.741,1.21,1042.951,2607,2608,22,55,449977.5,7196431.5,1042.8568730082195,1.0025412708881687,1.0
73,P70,JUNCTION,449982.619,7196434.603,1041.94,1.21,1043.15,2493,2494,21,57,449983.5,7196434.5,1043.0432224615456,0.887000563705509,1.0
74,P71,JUNCTION,449960.857,7196479.13,1038.271,1.68,1039.951,745,746,6,49,449959.5,7196479.5,1039.9640216214693,1.4065379483440856,1.0
75,P72,JUNCTION,449967.33,7196480.804,1038.47,1.68,1040.15,748,749,6,52,449968.5,7196479.5,1040.0471335098148,1.751946345855698,1.0
76,P73,JUNCTION,449950.479,7196493.86,1037.21,1.2,1038.41,162,163,1,46,449950.5,7196494.5,1038.4300362795414,0.6403444382292853,1.0
77,P74,JUNCTION,449950.702,7196501.114,1036.799,1.2,1037.999,46,47,0,46,449950.5,7196497.5,1038.3866235586256,3.6196408662223485,1.0
78,P75,JUNCTION,449973.691,7196499.552,1036.571,1.68,1038.251,54,55,0,54,449974.5,7196497.5,1038.3826019036605,2.2057164370323146,1.0
79,P76,JUNCTION,450009.178,7196496.427,1036.218,1.6,1037.818,66,67,0,66,450010.5,7196497.5,1037.7925887224421,1.702648818652291,1.0
80,P77,JUNCTION,450008.397,7196489.062,1036.418,1.6,1038.0179999999998,413,414,3,65,450007.5,7196488.5,1038.048836582223,1.0585145251260697,1.0
81,P78,JUNCTION,450018.217,7196473.996,1038.789,0.9,1039.689,997,998,8,69,450019.5,7196473.5,1039.6827902555824,1.375538076631364,1.0
82,P79,JUNCTION,450023.462,7196476.34,1038.589,0.9,1039.489,882,883,7,70,450022.5,7196476.5,1039.39976177287,0.975214848147211,1.0
83,P80,JUNCTION,450031.832,7196434.492,1043.201,1.05,1044.251,2509,2510,21,73,450031.5,7196434.5,1044.1377883570049,0.33209637155903776,1.0
84,P81,JUNCTION,450036.965,7196436.5,1043.221,1.05,1044.271,2395,2396,20,75,450037.5,7196437.5,1044.150588654767,1.1341186004878836,1.0
85,P82,JUNCTION,450046.005,7196393.09,1046.174,1.08,1047.254,4138,4139,35,78,450046.5,7196392.5,1047.1336627529734,0.7701460899203191,1.0
86,P83,JUNCTION,450051.138,7196394.875,1046.194,1.08,1047.274,4024,4025,34,80,450052.5,7196395.5,1047.1259637762028,1.4985556379601508,1.0
87,P60,JUNCTION,450079.093,7196191.214,1047.146,1.0,1048.146,11921,11922,102,89,450079.5,7196191.5,1048.042802120673,0.49743843858742903,1.0
88,P62A,JUNCTION,450050.524,7196251.587,1046.246,0.64,1046.8860000000002,9591,9592,82,79,450049.5,7196251.5,1046.8895127940712,1.0276891553387963,1.0
89,P61A,JUNCTION,450064.25,7196225.25,1046.6,1.16,1047.76,10640,10641,91,84,450064.5,7196224.5,1047.654439770113,0.7905694150420949,1.0
90,P90,JUNCTION,450001.59,7196087.877,1047.13,1.0,1048.13,15955,15956,137,63,450001.5,7196086.5,1048.1136853515104,1.3799380424161956,1.0
91,P91,JUNCTION,450010.517,7196081.851,1046.936,1.0,1047.936,16190,16191,139,66,450010.5,7196080.5,1047.928412609931,1.3511069533667812,1.0
92,P92,JUNCTION,449984.404,7196061.317,1046.094,1.0,1047.094,16877,16878,145,57,449983.5,7196062.5,1047.089821778614,1.4888603025210154,1.0
93,P93,JUNCTION,449991.993,7196054.175,1045.894,1.0,1046.894,17228,17229,148,60,449992.5,7196053.5,1046.8958412064396,0.8442002130605893,1.0
94,P94,JUNCTION,449960.746,7196038.552,1045.735,1.0,1046.735,17797,17798,153,49,449959.5,7196038.5,1046.7311208728365,1.2470846001680993,1.0
95,P95,JUNCTION,449969.227,7196030.517,1045.535,1.0,1046.535,18148,18149,156,52,449968.5,7196029.5,1046.5370156414708,1.2501271935305145,1.0
96,P96,JUNCTION,449942.221,7196021.366,1045.38,1.0,1046.38,18487,18488,159,43,449941.5,7196020.5,1046.3768325355647,1.1268526969836081,1.0
97,P97,JUNCTION,449949.363,7196013.331,1045.18,1.0,1046.18,18604,18605,160,44,449944.5,7196017.5,1046.307303398954,6.4054141160529054,1.0
98,E1,OUTFALL,449836.11,7196512.742,1035.0,0.0,1035.0,11,12,0,11,449845.5,7196497.5,1037.4075888776094,17.902253042248034,1.0
99,E32,OUTFALL,450026.002,7196515.315,1035.96,0.0,1035.96,71,72,0,71,450025.5,7196497.5,1037.9086712265591,17.822071400782207,1.0
100,E33,OUTFALL,449927.446,7195995.276,1044.38,0.0,1044.38,19062,19063,164,38,449926.5,7196005.5,1045.195120375973,10.267672180590276,1.0
