building_id,component_id,row_min,row_max,col_min,col_max,width_m,depth_m,raise_m
B001,1,8,11,20,25,18.0,12.0,15.0
B002,1,18,20,25,27,9.0,9.0,15.0
B003,1,27,30,26,31,18.0,12.0,15.0
B004,2,9,13,40,46,21.0,15.0,15.0
B005,2,24,27,45,49,15.0,12.0,15.0
B006,3,19,23,63,67,15.0,15.0,15.0
B007,3,43,45,71,74,12.0,9.0,15.0
B008,3,29,33,66,70,15.0,15.0,15.0
B009,4,24,29,85,90,18.0,18.0,15.0
B010,4,11,15,80,83,12.0,15.0,15.0
B011,4,17,22,79,84,18.0,18.0,15.0
B012,6,66,69,60,64,15.0,12.0,15.0
B013,6,48,52,53,59,21.0,15.0,15.0
B014,7,75,77,95,98,12.0,9.0,15.0
B015,7,64,68,85,89,15.0,15.0,15.0
B016,7,87,89,95,98,12.0,9.0,15.0
B017,7,75,79,106,110,15.0,15.0,15.0
B018,7,65,67,96,99,12.0,9.0,15.0
B019,7,80,84,87,91,15.0,15.0,15.0
B020,8,68,71,41,46,18.0,12.0,15.0
B021,8,77,79,45,47,9.0,9.0,15.0
B022,9,70,74,24,27,12.0,15.0,15.0
B023,9,80,85,26,31,18.0,18.0,15.0
B024,10,58,61,4,8,15.0,12.0,15.0
B025,10,64,68,4,10,21.0,15.0,15.0
B026,11,104,106,76,79,12.0,9.0,15.0
B027,11,94,98,71,75,15.0,15.0,15.0
B028,11,111,113,76,79,12.0,9.0,15.0
B029,12,146,150,38,41,12.0,15.0,15.0
B030,12,141,146,45,50,18.0,18.0,15.0
B031,12,116,120,59,62,12.0,15.0,15.0
B032,12,109,114,18,23,18.0,18.0,15.0
B033,12,118,122,22,25,12.0,15.0,15.0
B034,12,107,112,55,60,18.0,18.0,15.0
