node_smid,node_id,node_type,node_x,node_y,node_x_ft,node_y_ft,invert_elevation_m,max_depth_m,surface_elevation_m,cell_id,smid,cell_row,cell_col,cell_x,cell_y,cell_elevation,distance_m,weight
1,J1,JUNCTION,197.67255360000001,318.1237224,648.532,1043.713,1515.7704,0.0,1515.7704,3059,3060,43,65,196.50000000000003,319.08000000000004,1515.7012939453125,1.5130594149387289,1.0
2,J2,JUNCTION,372.2464488,306.555648,1221.281,1005.76,1514.5512,0.0,1514.5512,3586,3587,47,123,370.50000000000006,307.08000000000004,1514.4886474609375,1.823466048744876,1.0
3,J3,JUNCTION,123.5314776,276.05796960000004,405.287,905.702,1515.7704,0.0,1515.7704,4723,4724,57,41,124.50000000000001,277.08,1515.698974609375,1.408041823890838,1.0
4,J4,JUNCTION,154.02915600000003,262.9122504,505.345,862.573,1515.1608,0.0,1515.1608,5362,5363,62,51,154.50000000000003,262.08000000000004,1515.0880126953125,0.9562085549900187,1.0
5,J5,JUNCTION,192.4144488,261.8606904,631.281,859.123,1514.7950400000002,0.0,1514.7950400000002,5375,5376,62,64,193.50000000000003,262.08000000000004,1514.7236328125,1.1074827802154172,1.0
6,J6,JUNCTION,250.78090560000004,249.7665312,822.772,819.444,1514.5512,0.0,1514.5512,5909,5910,66,83,250.50000000000003,250.08,1514.4735107421875,0.4209164343249291,1.0
7,J7,JUNCTION,253.4101104,216.113868,831.398,709.035,1515.3132,0.0,1515.3132,7328,7329,77,84,253.50000000000003,217.07999999999998,1515.2337646484375,0.9703046849377466,1.0
8,J8,JUNCTION,279.175464,256.0765008,915.93,840.146,1513.7892000000002,0.0,1513.7892000000002,5661,5662,64,93,280.50000000000006,256.08,1513.72216796875,1.3245406221391822,1.0
9,J9,JUNCTION,327.0254064,264.48989520000003,1072.918,867.749,1513.27104,0.0,1513.27104,5293,5294,61,109,328.50000000000006,265.08,1513.2086181640625,1.5882852263192788,1.0
10,J10,JUNCTION,382.2368784,195.0808392,1254.058,640.029,1512.9662400000002,0.0,1512.9662400000002,8255,8256,84,127,382.5,196.07999999999998,1512.9044189453125,1.0332256678205047,1.0
11,J11,JUNCTION,406.85405040000006,151.578564,1334.823,497.305,1512.7224,0.0,1512.7224,9963,9964,99,135,406.50000000000006,151.07999999999998,1512.65283203125,0.6114881420241769,1.0
12,O1,OUTFALL,430.2154464,145.5118248,1411.468,477.401,1512.4176,0.0,1512.4176,10067,10068,100,139,418.5,148.07999999999998,1512.5186767578125,11.993631985731778,1.0
